id,first_name,last_name,email,gender,ip_address
1,Scott,Castillo,scastillo0@latimes.com,Male,20.159.38.241
2,David,Carroll,dcarroll1@paypal.com,Male,229.56.104.48
3,Walter,Hart,whart2@foxnews.com,Male,5.76.81.12
4,Annie,Bowman,abowman3@rambler.ru,Female,24.205.135.187
5,Aaron,Phillips,aphillips4@google.es,Male,36.251.196.4
6,Billy,Gutierrez,bgutierrez5@reference.com,Male,164.63.36.180
7,Carol,Carr,ccarr6@kickstarter.com,Female,74.75.216.29
8,Norma,Flores,nflores7@stumbleupon.com,Female,8.237.104.168
9,Sandra,Parker,sparker8@pbs.org,Female,27.121.180.53
10,Virginia,Coleman,vcoleman9@mashable.com,Female,126.232.126.26
11,Mildred,Torres,mtorresa@mysql.com,Female,239.100.38.226
12,Margaret,Smith,msmithb@kickstarter.com,Female,49.127.49.78
13,Judy,Pierce,jpiercec@mozilla.com,Female,252.62.76.228
14,Doris,Kelly,dkellyd@technorati.com,Female,37.21.130.138
15,Deborah,Adams,dadamse@thetimes.co.uk,Female,31.51.155.24
16,Cheryl,Gonzales,cgonzalesf@yolasite.com,Female,12.21.102.52
17,Debra,Roberts,drobertsg@wufoo.com,Female,253.214.149.151
18,Gregory,Myers,gmyersh@jigsy.com,Male,30.168.154.69
19,Amanda,Chapman,achapmani@cdbaby.com,Female,10.164.89.28
20,Martin,Morales,mmoralesj@reuters.com,Male,210.55.189.173
21,Christine,Holmes,cholmesk@cornell.edu,Female,211.27.185.182
22,Jonathan,Simpson,jsimpsonl@artisteer.com,Male,12.18.170.164
23,Sara,Dean,sdeanm@craigslist.org,Female,28.78.114.41
24,Carl,Mitchell,cmitchelln@telegraph.co.uk,Male,34.132.41.38
25,William,Webb,wwebbo@ted.com,Male,214.210.169.203
26,Angela,Clark,aclarkp@google.it,Female,55.137.155.116
27,Ernest,Andrews,eandrewsq@paypal.com,Male,132.229.158.72
28,Justin,Roberts,jrobertsr@nymag.com,Male,218.199.79.205
29,Jerry,Stevens,jstevenss@cnbc.com,Male,7.9.118.9
30,Andrea,Sims,asimst@nba.com,Female,191.117.186.92
31,Steven,Hudson,shudsonu@nytimes.com,Male,27.107.180.190
32,Diana,Nelson,dnelsonv@wikispaces.com,Female,13.215.62.58
33,William,Hunt,whuntw@army.mil,Male,120.107.89.98
34,Lori,Barnes,lbarnesx@guardian.co.uk,Female,143.94.169.121
35,Jane,Cunningham,jcunninghamy@hc360.com,Female,182.225.187.52
36,Richard,Russell,rrussellz@nba.com,Male,3.138.180.54
37,Martin,Thompson,mthompson10@mayoclinic.com,Male,100.161.149.92
38,Barbara,Jones,bjones11@mtv.com,Female,187.104.251.1
39,Judy,Gutierrez,jgutierrez12@wisc.edu,Female,208.211.58.122
40,Maria,Wallace,mwallace13@acquirethisname.com,Female,89.75.252.180
41,Stephen,Rivera,srivera14@sbwire.com,Male,46.177.246.69
42,Kathy,Sanders,ksanders15@vinaora.com,Female,185.45.109.96
43,Gary,Graham,ggraham16@illinois.edu,Male,66.124.84.105
44,Nancy,Hawkins,nhawkins17@sciencedirect.com,Female,85.224.90.188
45,Bruce,Cox,bcox18@networksolutions.com,Male,176.234.68.28
46,Katherine,Smith,ksmith19@pagesperso-orange.fr,Female,86.28.94.2
47,Jose,Simmons,jsimmons1a@admin.ch,Male,58.135.151.92
48,Judith,Lee,jlee1b@lulu.com,Female,243.26.83.252
49,Kimberly,Sanchez,ksanchez1c@blogtalkradio.com,Female,190.224.77.230
50,Annie,Gardner,agardner1d@tmall.com,Female,188.126.208.253
51,Michelle,Henry,mhenry1e@gizmodo.com,Female,134.227.205.82
52,Adam,Myers,amyers1f@aboutads.info,Male,212.96.205.135
53,Cynthia,Wheeler,cwheeler1g@blogspot.com,Female,157.108.238.74
54,Margaret,Simmons,msimmons1h@domainmarket.com,Female,47.38.52.55
55,Ernest,Brooks,ebrooks1i@geocities.com,Male,108.57.34.255
56,Dorothy,Gonzales,dgonzales1j@statcounter.com,Female,17.186.195.118
57,Billy,Allen,ballen1k@csmonitor.com,Male,247.113.143.199
58,Chris,Nelson,cnelson1l@bloglovin.com,Male,81.186.170.222
59,Joseph,Richards,jrichards1m@cargocollective.com,Male,48.148.93.29
60,Roy,Fuller,rfuller1n@unblog.fr,Male,172.117.36.96
61,Jesse,Porter,jporter1o@pen.io,Male,52.222.31.173
62,Robert,Burton,rburton1p@imdb.com,Male,33.23.218.61
63,Harold,Ross,hross1q@mediafire.com,Male,72.194.184.172
64,William,Carroll,wcarroll1r@walmart.com,Male,5.249.240.226
65,Emily,Hernandez,ehernandez1s@nature.com,Female,109.87.92.244
66,Kathy,Perez,kperez1t@miibeian.gov.cn,Female,79.230.214.232
67,Sarah,Hunt,shunt1u@networksolutions.com,Female,42.68.126.103
68,Laura,Harrison,lharrison1v@google.it,Female,250.27.18.171
69,Jonathan,Green,jgreen1w@usgs.gov,Male,190.174.132.255
70,Betty,Wood,bwood1x@soundcloud.com,Female,82.168.91.226
71,Melissa,Boyd,mboyd1y@spotify.com,Female,232.7.146.80
72,Carlos,Dixon,cdixon1z@redcross.org,Male,157.248.237.58
73,Peter,Sanchez,psanchez20@boston.com,Male,169.29.103.5
74,Nicholas,Nelson,nnelson21@intel.com,Male,129.97.64.174
75,Wayne,Perez,wperez22@blogspot.com,Male,241.207.245.79
76,Ralph,Baker,rbaker23@jimdo.com,Male,236.36.36.28
77,Barbara,Bowman,bbowman24@wikispaces.com,Female,185.97.82.142
78,Carlos,Bryant,cbryant25@jiathis.com,Male,164.58.126.156
79,Alice,Medina,amedina26@yellowpages.com,Female,21.82.246.163
80,Timothy,Lee,tlee27@toplist.cz,Male,0.47.65.119
81,Adam,Dixon,adixon28@sohu.com,Male,156.61.120.146
82,Carlos,Sanders,csanders29@yolasite.com,Male,125.17.163.114
83,Adam,Ford,aford2a@ftc.gov,Male,239.201.189.120
84,Clarence,Morgan,cmorgan2b@china.com.cn,Male,175.90.16.86
85,Joseph,Scott,jscott2c@cyberchimps.com,Male,47.182.226.243
86,Betty,Ray,bray2d@e-recht24.de,Female,15.173.25.232
87,Sara,Rodriguez,srodriguez2e@cpanel.net,Female,227.219.189.123
88,Margaret,Bishop,mbishop2f@earthlink.net,Female,18.144.109.66
89,Lois,Harper,lharper2g@google.pl,Female,14.218.217.213
90,Gloria,Bell,gbell2h@oakley.com,Female,171.44.144.38
91,Christopher,Jenkins,cjenkins2i@squarespace.com,Male,244.190.101.123
92,Joyce,Freeman,jfreeman2j@about.me,Female,145.236.240.163
93,Linda,Roberts,lroberts2k@ebay.com,Female,116.120.190.81
94,Brian,Alvarez,balvarez2l@twitter.com,Male,237.232.213.55
95,Karen,Bradley,kbradley2m@miitbeian.gov.cn,Female,131.220.52.22
96,Marie,Cox,mcox2n@altervista.org,Female,108.231.31.122
97,Bruce,Wheeler,bwheeler2o@wix.com,Male,68.127.105.4
98,Paul,Medina,pmedina2p@va.gov,Male,34.81.26.247
99,Debra,Green,dgreen2q@ebay.com,Female,144.53.203.77
100,Jimmy,Fernandez,jfernandez2r@ox.ac.uk,Male,35.182.164.152
101,Lisa,Nichols,lnichols2s@etsy.com,Female,226.44.188.229
102,Kathleen,Ruiz,kruiz2t@hc360.com,Female,154.8.229.13
103,Gregory,Mitchell,gmitchell2u@aboutads.info,Male,147.135.205.179
104,Steve,Ruiz,sruiz2v@army.mil,Male,189.1.59.113
105,Katherine,Foster,kfoster2w@google.com.au,Female,235.85.169.2
106,Bruce,Williams,bwilliams2x@behance.net,Male,10.23.129.240
107,Nicole,Johnston,njohnston2y@yellowbook.com,Female,29.60.25.121
108,Donald,Wilson,dwilson2z@woothemes.com,Male,184.155.122.149
109,Jesse,Mason,jmason30@ucsd.edu,Male,232.234.45.204
110,Lawrence,Stewart,lstewart31@nytimes.com,Male,56.60.234.244
111,Gloria,Gonzalez,ggonzalez32@google.ca,Female,104.138.238.54
112,Jean,Chavez,jchavez33@vinaora.com,Female,114.234.222.31
113,James,Burke,jburke34@yahoo.co.jp,Male,131.144.44.233
114,Timothy,Jordan,tjordan35@altervista.org,Male,58.111.93.162
115,Maria,Wright,mwright36@lycos.com,Female,199.114.220.253
116,Heather,Carr,hcarr37@google.pl,Female,101.137.178.18
117,Louise,Shaw,lshaw38@cam.ac.uk,Female,70.19.90.162
118,Alan,Cruz,acruz39@marriott.com,Male,87.83.142.24
119,Emily,Dixon,edixon3a@bigcartel.com,Female,201.145.131.31
120,James,Clark,jclark3b@usa.gov,Male,235.29.95.141
121,Jose,Patterson,jpatterson3c@java.com,Male,111.44.0.251
122,Diane,Cook,dcook3d@europa.eu,Female,101.23.127.245
123,Laura,Rice,lrice3e@tiny.cc,Female,158.147.161.108
124,Dennis,Little,dlittle3f@webeden.co.uk,Male,40.93.34.133
125,Amy,Marshall,amarshall3g@hp.com,Female,253.53.112.109
126,Brenda,Hunter,bhunter3h@desdev.cn,Female,237.109.21.57
127,Cynthia,Ward,cward3i@gmpg.org,Female,19.123.4.88
128,Scott,Ortiz,sortiz3j@livejournal.com,Male,34.245.236.38
129,Sharon,Taylor,staylor3k@ask.com,Female,186.87.100.11
130,Harold,Gilbert,hgilbert3l@narod.ru,Male,221.4.11.118
131,Betty,Jordan,bjordan3m@google.ca,Female,186.38.72.130
132,Maria,George,mgeorge3n@bbb.org,Female,168.235.244.200
133,Ryan,Roberts,rroberts3o@dion.ne.jp,Male,150.100.208.123
134,Theresa,Howell,thowell3p@cnet.com,Female,115.203.199.42
135,Christopher,Moreno,cmoreno3q@fotki.com,Male,225.224.33.66
136,Juan,Weaver,jweaver3r@themeforest.net,Male,117.158.147.31
137,Andrew,Smith,asmith3s@reverbnation.com,Male,60.100.196.188
138,Gloria,Cook,gcook3t@theatlantic.com,Female,255.51.203.162
139,Peter,Austin,paustin3u@com.com,Male,200.84.228.138
140,Laura,Rivera,lrivera3v@washington.edu,Female,245.29.140.215
141,James,Gutierrez,jgutierrez3w@economist.com,Male,181.81.12.150
142,Theresa,Hayes,thayes3x@godaddy.com,Female,89.94.60.181
143,Sara,Rice,srice3y@artisteer.com,Female,57.209.170.202
144,Theresa,Vasquez,tvasquez3z@yelp.com,Female,104.150.194.62
145,Theresa,Foster,tfoster40@fastcompany.com,Female,215.245.156.11
146,Justin,Boyd,jboyd41@fda.gov,Male,8.86.186.171
147,Ronald,Berry,rberry42@sciencedaily.com,Male,251.68.124.23
148,Bonnie,Lee,blee43@jugem.jp,Female,239.183.89.202
149,Justin,Spencer,jspencer44@latimes.com,Male,230.106.58.221
150,Margaret,Myers,mmyers45@amazon.com,Female,247.37.153.181
151,Jeffrey,Washington,jwashington46@unicef.org,Male,155.25.103.57
152,Douglas,Lopez,dlopez47@nasa.gov,Male,248.161.24.36
153,Amy,Robinson,arobinson48@wordpress.com,Female,246.41.33.23
154,Mark,Ruiz,mruiz49@pbs.org,Male,154.2.122.215
155,Ann,Harrison,aharrison4a@altervista.org,Female,224.220.35.74
156,Ruth,Brown,rbrown4b@360.cn,Female,58.150.1.73
157,Diane,Knight,dknight4c@webeden.co.uk,Female,205.47.45.17
158,James,Gibson,jgibson4d@soundcloud.com,Male,64.15.63.83
159,Shawn,Palmer,spalmer4e@cnet.com,Male,125.223.121.37
160,Clarence,Austin,caustin4f@google.it,Male,65.129.38.111
161,Aaron,Campbell,acampbell4g@comsenz.com,Male,192.131.231.96
162,Ryan,Torres,rtorres4h@foxnews.com,Male,252.42.43.27
163,Norma,Fernandez,nfernandez4i@geocities.jp,Female,156.123.57.200
164,Nicholas,Watson,nwatson4j@umn.edu,Male,81.78.110.226
165,Betty,Snyder,bsnyder4k@reuters.com,Female,140.219.117.234
166,Louise,Rogers,lrogers4l@shareasale.com,Female,33.155.230.95
167,Kathy,Foster,kfoster4m@google.co.jp,Female,229.132.181.39
168,Timothy,Johnson,tjohnson4n@earthlink.net,Male,7.123.13.117
169,Nicole,Nichols,nnichols4o@cyberchimps.com,Female,233.251.201.230
170,Doris,Peterson,dpeterson4p@miitbeian.gov.cn,Female,226.180.149.98
171,Katherine,Gray,kgray4q@gmpg.org,Female,211.119.229.63
172,Lisa,Snyder,lsnyder4r@latimes.com,Female,169.63.85.228
173,Kathy,Nelson,knelson4s@wisc.edu,Female,241.64.0.63
174,Christina,Carroll,ccarroll4t@google.ru,Female,127.230.197.141
175,Jeffrey,Sims,jsims4u@seesaa.net,Male,186.58.224.98
176,Brian,Dunn,bdunn4v@unc.edu,Male,255.253.251.170
177,Tammy,Hansen,thansen4w@ucoz.ru,Female,131.76.216.19
178,Julie,Lynch,jlynch4x@mapquest.com,Female,195.29.148.56
179,Amanda,Moreno,amoreno4y@amazon.de,Female,221.165.224.169
180,Jennifer,Lawson,jlawson4z@economist.com,Female,128.184.83.172
181,Bobby,Perez,bperez50@vk.com,Male,35.160.209.75
182,Marilyn,Reed,mreed51@ibm.com,Female,6.107.34.57
183,Brian,Little,blittle52@biblegateway.com,Male,33.124.28.200
184,Sharon,Burke,sburke53@typepad.com,Female,72.168.174.38
185,Aaron,Sullivan,asullivan54@skype.com,Male,50.217.217.253
186,Frances,Hart,fhart55@moonfruit.com,Female,253.10.102.141
187,Annie,Harvey,aharvey56@state.tx.us,Female,143.197.54.211
188,Cheryl,Hansen,chansen57@livejournal.com,Female,155.31.255.103
189,Steven,Bennett,sbennett58@google.co.uk,Male,242.205.77.34
190,Donald,Stone,dstone59@hud.gov,Male,244.79.251.227
191,Sandra,Stewart,sstewart5a@nhs.uk,Female,166.13.156.4
192,Helen,Ramirez,hramirez5b@google.com,Female,40.165.66.150
193,Samuel,Phillips,sphillips5c@cyberchimps.com,Male,183.114.67.167
194,Ernest,Cunningham,ecunningham5d@ehow.com,Male,150.251.139.85
195,Douglas,Duncan,dduncan5e@shareasale.com,Male,162.229.177.81
196,Dorothy,Hart,dhart5f@tamu.edu,Female,92.73.78.19
197,Kevin,Dean,kdean5g@issuu.com,Male,230.213.22.109
198,Patrick,Castillo,pcastillo5h@nbcnews.com,Male,134.33.82.7
199,Lois,Mason,lmason5i@diigo.com,Female,173.210.189.176
200,Craig,Perez,cperez5j@slate.com,Male,106.118.223.26
201,Deborah,Thomas,dthomas5k@virginia.edu,Female,216.235.204.40
202,Doris,Davis,ddavis5l@hatena.ne.jp,Female,204.143.104.134
203,Theresa,Hawkins,thawkins5m@businesswire.com,Female,158.157.37.88
204,Brian,Gomez,bgomez5n@surveymonkey.com,Male,3.117.51.252
205,Thomas,Stanley,tstanley5o@nyu.edu,Male,167.246.56.182
206,Nancy,Johnson,njohnson5p@yelp.com,Female,64.153.107.133
207,Carlos,West,cwest5q@weebly.com,Male,113.78.6.142
208,Sarah,Bell,sbell5r@about.me,Female,209.250.3.44
209,Victor,Romero,vromero5s@answers.com,Male,195.249.214.226
210,Barbara,Hunt,bhunt5t@netvibes.com,Female,142.196.19.25
211,Craig,Greene,cgreene5u@wiley.com,Male,60.83.196.111
212,Howard,Black,hblack5v@wikispaces.com,Male,40.231.57.252
213,Martha,Campbell,mcampbell5w@t-online.de,Female,181.60.198.229
214,Robert,Richardson,rrichardson5x@quantcast.com,Male,32.168.208.79
215,Philip,Porter,pporter5y@imageshack.us,Male,149.119.193.187
216,William,Payne,wpayne5z@sourceforge.net,Male,171.181.174.5
217,Michael,Williamson,mwilliamson60@unblog.fr,Male,48.114.230.25
218,Roger,Garrett,rgarrett61@spiegel.de,Male,164.104.188.249
219,Lillian,Cooper,lcooper62@google.com,Female,210.158.239.50
220,Nancy,Gomez,ngomez63@cloudflare.com,Female,41.133.39.246
221,Annie,Dixon,adixon64@patch.com,Female,209.134.135.189
222,Walter,Powell,wpowell65@last.fm,Male,77.139.117.107
223,Rebecca,Meyer,rmeyer66@desdev.cn,Female,142.216.155.113
224,Betty,Lopez,blopez67@cbc.ca,Female,216.68.139.151
225,Matthew,Arnold,marnold68@fastcompany.com,Male,159.105.255.39
226,Paul,Young,pyoung69@sourceforge.net,Male,229.88.87.34
227,Anthony,Green,agreen6a@paypal.com,Male,136.191.132.130
228,Rachel,Dunn,rdunn6b@instagram.com,Female,188.95.117.200
229,Chris,Mccoy,cmccoy6c@acquirethisname.com,Male,166.232.61.89
230,Shirley,Jones,sjones6d@indiegogo.com,Female,231.102.212.153
231,Aaron,Mcdonald,amcdonald6e@msn.com,Male,214.29.43.13
232,Phillip,Gibson,pgibson6f@ucla.edu,Male,74.123.66.164
233,Teresa,Chavez,tchavez6g@imageshack.us,Female,240.70.95.188
234,Anna,Lynch,alynch6h@51.la,Female,43.237.232.162
235,Keith,Robertson,krobertson6i@360.cn,Male,203.79.247.91
236,Antonio,Davis,adavis6j@accuweather.com,Male,2.180.188.173
237,Harold,Palmer,hpalmer6k@netvibes.com,Male,68.232.105.160
238,Christopher,Porter,cporter6l@geocities.jp,Male,145.48.146.210
239,Ernest,Patterson,epatterson6m@seattletimes.com,Male,38.21.214.85
240,Ronald,Montgomery,rmontgomery6n@dropbox.com,Male,198.116.86.194
241,Carol,James,cjames6o@squarespace.com,Female,128.224.44.136
242,Lois,Jones,ljones6p@hibu.com,Female,162.164.37.186
243,Pamela,Bishop,pbishop6q@xrea.com,Female,34.94.250.101
244,Carol,Payne,cpayne6r@ihg.com,Female,38.133.36.184
245,Gregory,Sims,gsims6s@list-manage.com,Male,94.31.230.89
246,Billy,Cunningham,bcunningham6t@about.me,Male,117.209.92.112
247,Mary,Ryan,mryan6u@epa.gov,Female,99.168.24.16
248,Richard,Gutierrez,rgutierrez6v@reuters.com,Male,156.186.240.233
249,Jessica,Anderson,janderson6w@squidoo.com,Female,58.202.36.143
250,Jeffrey,Watson,jwatson6x@behance.net,Male,134.243.65.131
251,Eugene,Simmons,esimmons6y@istockphoto.com,Male,250.17.76.225
252,Donald,Tucker,dtucker6z@g.co,Male,230.139.234.243
253,Ralph,Woods,rwoods70@quantcast.com,Male,195.61.133.241
254,Lois,Morgan,lmorgan71@theatlantic.com,Female,224.141.102.115
255,Jeremy,Banks,jbanks72@myspace.com,Male,2.135.208.211
256,Judith,Austin,jaustin73@mapy.cz,Female,123.220.78.155
257,Patricia,Baker,pbaker74@seattletimes.com,Female,223.173.134.15
258,Rachel,Flores,rflores75@alibaba.com,Female,36.224.101.79
259,Louise,Little,llittle76@va.gov,Female,81.157.230.43
260,Sandra,Meyer,smeyer77@amazon.co.uk,Female,15.248.197.150
261,Doris,Cole,dcole78@state.tx.us,Female,192.178.178.26
262,Teresa,Olson,tolson79@miibeian.gov.cn,Female,165.43.19.146
263,Earl,Sanders,esanders7a@adobe.com,Male,82.128.194.204
264,Scott,Thomas,sthomas7b@engadget.com,Male,227.254.162.110
265,Betty,Howell,bhowell7c@artisteer.com,Female,8.123.128.156
266,Susan,Austin,saustin7d@mysql.com,Female,225.241.32.164
267,Johnny,Patterson,jpatterson7e@nbcnews.com,Male,167.108.134.204
268,Lisa,Kelley,lkelley7f@addthis.com,Female,175.8.217.91
269,Billy,Owens,bowens7g@jiathis.com,Male,144.26.157.177
270,Jeremy,Hart,jhart7h@nasa.gov,Male,160.108.63.204
271,Harry,Campbell,hcampbell7i@npr.org,Male,140.35.105.99
272,Kimberly,Burke,kburke7j@theatlantic.com,Female,206.148.175.59
273,Steve,Alexander,salexander7k@about.com,Male,151.90.104.135
274,Robin,Hughes,rhughes7l@mysql.com,Female,199.106.133.216
275,Kimberly,Boyd,kboyd7m@nba.com,Female,95.178.36.23
276,Paula,Ortiz,portiz7n@telegraph.co.uk,Female,167.82.2.35
277,Nicholas,Baker,nbaker7o@walmart.com,Male,245.66.165.244
278,Frank,Spencer,fspencer7p@google.ru,Male,94.121.19.242
279,Helen,Gonzalez,hgonzalez7q@opensource.org,Female,137.77.192.235
280,Jesse,Peters,jpeters7r@gov.uk,Male,100.74.104.88
281,Juan,Bishop,jbishop7s@xing.com,Male,182.103.181.253
282,Tammy,Burton,tburton7t@wufoo.com,Female,108.54.31.144
283,Sarah,Henry,shenry7u@hc360.com,Female,125.18.102.120
284,Karen,Pierce,kpierce7v@w3.org,Female,213.230.5.244
285,Benjamin,Burke,bburke7w@mapquest.com,Male,221.22.106.218
286,Doris,Hunter,dhunter7x@alexa.com,Female,68.129.104.196
287,Phyllis,Jenkins,pjenkins7y@nationalgeographic.com,Female,122.222.191.112
288,Antonio,Price,aprice7z@fda.gov,Male,198.54.131.182
289,Nicholas,Coleman,ncoleman80@webeden.co.uk,Male,199.233.18.167
290,Louise,Garrett,lgarrett81@nature.com,Female,168.145.102.111
291,Billy,Jackson,bjackson82@altervista.org,Male,107.113.134.10
292,Charles,Meyer,cmeyer83@about.com,Male,225.107.149.65
293,Brandon,Carter,bcarter84@printfriendly.com,Male,66.207.248.168
294,Brandon,Murphy,bmurphy85@latimes.com,Male,23.139.29.22
295,Evelyn,Carpenter,ecarpenter86@latimes.com,Female,183.34.90.121
296,Janice,Davis,jdavis87@newsvine.com,Female,197.157.112.165
297,Paula,Woods,pwoods88@china.com.cn,Female,142.188.236.46
298,Jeffrey,Harris,jharris89@tuttocitta.it,Male,165.224.41.3
299,Bonnie,Rice,brice8a@ca.gov,Female,152.77.41.247
300,Larry,Willis,lwillis8b@apache.org,Male,151.78.218.93
301,Evelyn,Lane,elane8c@imageshack.us,Female,14.86.118.169
302,Billy,Jones,bjones8d@ycombinator.com,Male,254.205.190.181
303,Michelle,Garza,mgarza8e@who.int,Female,99.5.254.42
304,Julia,Harvey,jharvey8f@wikipedia.org,Female,201.131.71.238
305,Brian,Campbell,bcampbell8g@digg.com,Male,74.2.186.77
306,Angela,Turner,aturner8h@latimes.com,Female,210.206.26.133
307,Adam,Hill,ahill8i@google.es,Male,90.126.63.70
308,Antonio,Bradley,abradley8j@blinklist.com,Male,83.237.157.102
309,Ronald,Flores,rflores8k@independent.co.uk,Male,232.21.68.13
310,Arthur,Hart,ahart8l@i2i.jp,Male,29.182.32.153
311,Tina,Turner,tturner8m@slashdot.org,Female,248.192.103.246
312,Todd,Torres,ttorres8n@blogspot.com,Male,251.86.39.202
313,Joyce,Campbell,jcampbell8o@constantcontact.com,Female,22.183.99.153
314,Brian,Butler,bbutler8p@shareasale.com,Male,7.181.250.146
315,Mary,Watkins,mwatkins8q@wp.com,Female,253.130.153.189
316,Anne,Ferguson,aferguson8r@mashable.com,Female,148.48.87.1
317,Jeffrey,Arnold,jarnold8s@360.cn,Male,31.70.34.193
318,Andrea,George,ageorge8t@psu.edu,Female,10.1.183.106
319,Justin,Stanley,jstanley8u@themeforest.net,Male,95.33.42.63
320,Katherine,Spencer,kspencer8v@dell.com,Female,239.179.48.126
321,Todd,Roberts,troberts8w@pinterest.com,Male,254.186.237.159
322,Russell,Martinez,rmartinez8x@google.it,Male,160.216.251.238
323,Theresa,Moore,tmoore8y@ehow.com,Female,98.20.122.99
324,Fred,Wright,fwright8z@spiegel.de,Male,179.4.92.101
325,Kevin,Stanley,kstanley90@xing.com,Male,231.119.164.195
326,Janet,Simmons,jsimmons91@hud.gov,Female,27.214.174.165
327,Walter,Ray,wray92@liveinternet.ru,Male,244.115.131.180
328,Bruce,Crawford,bcrawford93@geocities.com,Male,88.11.93.170
329,Anna,Nguyen,anguyen94@theatlantic.com,Female,122.200.243.115
330,Juan,Ryan,jryan95@bizjournals.com,Male,78.91.221.199
331,Kelly,Clark,kclark96@meetup.com,Female,33.50.94.103
332,Walter,Martinez,wmartinez97@yahoo.com,Male,220.163.72.56
333,Louis,Turner,lturner98@yahoo.co.jp,Male,107.204.186.221
334,Anne,Gardner,agardner99@yelp.com,Female,212.180.87.44
335,Maria,Watson,mwatson9a@reddit.com,Female,206.156.53.246
336,Victor,Fields,vfields9b@senate.gov,Male,147.225.131.123
337,Dennis,Hamilton,dhamilton9c@mozilla.com,Male,255.198.55.122
338,Wanda,Hill,whill9d@digg.com,Female,193.114.42.240
339,Andrew,Hamilton,ahamilton9e@yolasite.com,Male,147.4.172.243
340,Gary,Greene,ggreene9f@who.int,Male,112.104.182.34
341,Gloria,Washington,gwashington9g@jugem.jp,Female,113.220.147.60
342,Johnny,Hansen,jhansen9h@imdb.com,Male,46.138.127.248
343,Irene,Alvarez,ialvarez9i@surveymonkey.com,Female,95.108.235.206
344,Debra,Owens,dowens9j@lycos.com,Female,233.179.186.223
345,Jane,Lane,jlane9k@statcounter.com,Female,172.90.45.205
346,Tammy,Hamilton,thamilton9l@slate.com,Female,90.110.234.237
347,Gerald,Perkins,gperkins9m@xing.com,Male,176.169.54.18
348,Judy,Alvarez,jalvarez9n@google.it,Female,36.124.209.156
349,Jennifer,Reid,jreid9o@si.edu,Female,96.93.161.109
350,Kenneth,Chapman,kchapman9p@wufoo.com,Male,140.156.205.251
351,Debra,Gomez,dgomez9q@kickstarter.com,Female,255.49.156.92
352,Denise,Hamilton,dhamilton9r@google.com.hk,Female,3.209.0.78
353,Rose,Sanchez,rsanchez9s@theatlantic.com,Female,0.82.81.153
354,Anthony,Morris,amorris9t@yelp.com,Male,246.177.98.0
355,Louise,Harris,lharris9u@livejournal.com,Female,230.87.114.33
356,Joseph,Marshall,jmarshall9v@shareasale.com,Male,233.174.247.60
357,Scott,Ward,sward9w@mtv.com,Male,187.135.143.211
358,Sean,Bishop,sbishop9x@lycos.com,Male,52.123.252.157
359,Roy,Parker,rparker9y@webeden.co.uk,Male,50.45.93.145
360,Arthur,Rogers,arogers9z@meetup.com,Male,198.20.49.67
361,Gloria,Ellis,gellisa0@godaddy.com,Female,40.212.229.75
362,Jonathan,Rivera,jriveraa1@blogtalkradio.com,Male,51.42.119.203
363,Martin,Watson,mwatsona2@g.co,Male,99.10.123.8
364,Kathryn,Snyder,ksnydera3@gmpg.org,Female,145.196.67.222
365,Brandon,Price,bpricea4@wix.com,Male,212.243.158.17
366,Barbara,Peters,bpetersa5@storify.com,Female,45.165.166.72
367,Eugene,White,ewhitea6@cloudflare.com,Male,34.130.137.80
368,Stephanie,Chapman,schapmana7@ft.com,Female,190.38.212.147
369,Norma,James,njamesa8@dedecms.com,Female,220.129.229.114
370,Andrea,Patterson,apattersona9@independent.co.uk,Female,126.27.98.131
371,Jean,Lawrence,jlawrenceaa@cafepress.com,Female,76.124.186.161
372,Sandra,Marshall,smarshallab@blog.com,Female,0.217.132.242
373,Daniel,Johnston,djohnstonac@answers.com,Male,126.143.227.188
374,Daniel,Fox,dfoxad@wisc.edu,Male,78.208.140.4
375,Judith,West,jwestae@wikispaces.com,Female,10.137.165.4
376,Matthew,Patterson,mpattersonaf@miitbeian.gov.cn,Male,192.220.116.17
377,Wayne,Carpenter,wcarpenterag@sciencedaily.com,Male,243.219.47.30
378,Jerry,Bailey,jbaileyah@ovh.net,Male,33.76.107.126
379,Michelle,Scott,mscottai@icio.us,Female,37.206.12.0
380,Juan,Hunter,jhunteraj@bigcartel.com,Male,91.7.31.8
381,Sandra,Jenkins,sjenkinsak@tmall.com,Female,60.247.244.199
382,Martha,Garrett,mgarrettal@list-manage.com,Female,93.174.46.207
383,Lois,Stanley,lstanleyam@alibaba.com,Female,211.96.14.150
384,George,Holmes,gholmesan@arstechnica.com,Male,224.190.203.191
385,Ann,Hawkins,ahawkinsao@europa.eu,Female,146.128.190.89
386,Jennifer,Stewart,jstewartap@mashable.com,Female,17.207.34.228
387,Andrew,Rose,aroseaq@prweb.com,Male,22.191.4.79
388,Donald,Gutierrez,dgutierrezar@themeforest.net,Male,100.199.29.193
389,Ashley,Griffin,agriffinas@histats.com,Female,185.229.4.12
390,Donald,Gutierrez,dgutierrezat@sohu.com,Male,85.148.192.29
391,Dorothy,Dean,ddeanau@facebook.com,Female,241.147.113.138
392,Walter,Lopez,wlopezav@google.es,Male,225.106.247.28
393,Bruce,Cole,bcoleaw@japanpost.jp,Male,24.201.74.121
394,Nancy,Stanley,nstanleyax@topsy.com,Female,231.222.137.249
395,Marilyn,Mendoza,mmendozaay@umn.edu,Female,28.91.231.26
396,Martha,Olson,molsonaz@theatlantic.com,Female,83.68.54.33
397,Theresa,Palmer,tpalmerb0@telegraph.co.uk,Female,142.135.233.222
398,Eric,Hansen,ehansenb1@fc2.com,Male,59.183.56.209
399,Julia,Phillips,jphillipsb2@guardian.co.uk,Female,98.177.211.133
400,Wayne,Bennett,wbennettb3@uol.com.br,Male,190.86.64.118
401,Diane,Richardson,drichardsonb4@timesonline.co.uk,Female,236.160.74.235
402,Ruth,Torres,rtorresb5@mit.edu,Female,254.247.147.35
403,Christina,Frazier,cfrazierb6@ed.gov,Female,132.200.193.50
404,Karen,Evans,kevansb7@zdnet.com,Female,149.204.185.248
405,Martin,Watkins,mwatkinsb8@so-net.ne.jp,Male,124.175.35.173
406,Diana,Morales,dmoralesb9@tinyurl.com,Female,36.88.211.227
407,Lisa,Crawford,lcrawfordba@google.com.br,Female,207.205.181.29
408,Joan,Kelly,jkellybb@friendfeed.com,Female,44.189.57.35
409,Frank,Ellis,fellisbc@jugem.jp,Male,108.151.158.49
410,George,Young,gyoungbd@php.net,Male,153.14.48.155
411,Emily,Warren,ewarrenbe@newsvine.com,Female,246.88.4.92
412,Sara,Dunn,sdunnbf@github.io,Female,85.44.183.24
413,Carl,Gonzalez,cgonzalezbg@engadget.com,Male,78.122.132.47
414,Jack,Freeman,jfreemanbh@go.com,Male,86.34.175.233
415,Cheryl,Myers,cmyersbi@ihg.com,Female,181.57.179.180
416,Christine,Martin,cmartinbj@webs.com,Female,143.226.243.53
417,Barbara,Richards,brichardsbk@mail.ru,Female,77.137.160.188
418,Joshua,Payne,jpaynebl@123-reg.co.uk,Male,41.180.68.66
419,Richard,Harvey,rharveybm@businessinsider.com,Male,80.200.87.224
420,Christina,Roberts,crobertsbn@unicef.org,Female,66.129.6.211
421,Eric,Franklin,efranklinbo@parallels.com,Male,21.11.203.64
422,Fred,Henderson,fhendersonbp@marriott.com,Male,8.163.209.75
423,Jean,White,jwhitebq@booking.com,Female,115.135.246.244
424,Arthur,Crawford,acrawfordbr@free.fr,Male,185.81.245.16
425,Eugene,Torres,etorresbs@irs.gov,Male,203.94.47.210
426,Ashley,Thompson,athompsonbt@example.com,Female,255.140.10.111
427,Scott,Romero,sromerobu@youku.com,Male,43.86.154.133
428,Denise,Schmidt,dschmidtbv@eventbrite.com,Female,253.41.157.108
429,Eugene,Dixon,edixonbw@devhub.com,Male,45.226.29.227
430,Richard,Bennett,rbennettbx@berkeley.edu,Male,72.67.82.158
431,Timothy,Burns,tburnsby@over-blog.com,Male,231.94.80.167
432,Jason,Parker,jparkerbz@paginegialle.it,Male,144.8.173.175
433,Denise,Lopez,dlopezc0@e-recht24.de,Female,97.254.84.236
434,Evelyn,King,ekingc1@myspace.com,Female,111.102.39.229
435,Jimmy,Austin,jaustinc2@sfgate.com,Male,43.132.42.199
436,Earl,Simmons,esimmonsc3@ning.com,Male,246.225.214.230
437,Dennis,James,djamesc4@bandcamp.com,Male,149.167.228.11
438,Ryan,Morgan,rmorganc5@fotki.com,Male,42.158.6.33
439,Lois,Hamilton,lhamiltonc6@ft.com,Female,62.101.75.142
440,Billy,Stewart,bstewartc7@fotki.com,Male,180.122.171.232
441,Timothy,Torres,ttorresc8@cyberchimps.com,Male,119.59.0.238
442,Brian,Fowler,bfowlerc9@yandex.ru,Male,173.169.66.238
443,Bruce,Kennedy,bkennedyca@last.fm,Male,201.180.10.108
444,Brandon,Ferguson,bfergusoncb@patch.com,Male,200.174.141.29
445,Elizabeth,Marshall,emarshallcc@cam.ac.uk,Female,238.179.220.32
446,Ralph,Collins,rcollinscd@themeforest.net,Male,19.13.248.26
447,Kathleen,Dean,kdeance@army.mil,Female,228.214.110.251
448,Rebecca,Henry,rhenrycf@slate.com,Female,38.95.14.245
449,Robin,Ruiz,rruizcg@cargocollective.com,Female,189.23.183.239
450,Ruby,Lewis,rlewisch@free.fr,Female,106.212.178.75
451,Patricia,Perez,pperezci@cbc.ca,Female,8.191.189.75
452,Michelle,Phillips,mphillipscj@ameblo.jp,Female,12.81.1.212
453,Marilyn,Hicks,mhicksck@xing.com,Female,75.227.230.4
454,Gloria,Larson,glarsoncl@tinyurl.com,Female,173.133.202.130
455,Brian,Carr,bcarrcm@indiatimes.com,Male,83.170.9.163
456,Michael,Mills,mmillscn@edublogs.org,Male,65.55.231.247
457,Jennifer,Marshall,jmarshallco@google.ru,Female,234.87.193.12
458,Arthur,Gonzalez,agonzalezcp@studiopress.com,Male,64.222.5.5
459,Antonio,Washington,awashingtoncq@state.tx.us,Male,241.193.63.108
460,Julia,Sanders,jsanderscr@hibu.com,Female,142.82.57.173
461,Sean,Alvarez,salvarezcs@blogtalkradio.com,Male,41.86.235.102
462,Terry,Nguyen,tnguyenct@weather.com,Male,70.113.39.53
463,Jose,Clark,jclarkcu@apple.com,Male,145.168.200.61
464,Catherine,Hill,chillcv@kickstarter.com,Female,10.88.228.107
465,Keith,Duncan,kduncancw@bloomberg.com,Male,210.154.59.29
466,Sarah,Scott,sscottcx@booking.com,Female,88.165.81.251
467,Roy,Burton,rburtoncy@archive.org,Male,181.32.231.63
468,Gerald,Lee,gleecz@shareasale.com,Male,236.160.18.245
469,Ruth,Lee,rleed0@usnews.com,Female,104.210.213.237
470,Joseph,Hayes,jhayesd1@reddit.com,Male,37.22.25.46
471,Jessica,Torres,jtorresd2@boston.com,Female,182.171.150.246
472,Ryan,Dean,rdeand3@vk.com,Male,201.207.160.51
473,Billy,Hayes,bhayesd4@macromedia.com,Male,147.13.167.173
474,Debra,Mason,dmasond5@vimeo.com,Female,6.226.24.0
475,Judy,Adams,jadamsd6@google.nl,Female,216.200.239.70
476,Joshua,Simmons,jsimmonsd7@flickr.com,Male,28.166.20.16
477,Benjamin,Wright,bwrightd8@topsy.com,Male,103.156.150.66
478,Louise,Torres,ltorresd9@cbc.ca,Female,38.142.10.135
479,Kathleen,Russell,krussellda@admin.ch,Female,173.56.132.183
480,Barbara,Ford,bforddb@parallels.com,Female,7.226.12.250
481,Christine,Lawrence,clawrencedc@census.gov,Female,151.136.64.153
482,Gerald,Simmons,gsimmonsdd@edublogs.org,Male,167.202.157.174
483,Christopher,Murphy,cmurphyde@reference.com,Male,169.62.212.173
484,William,Wagner,wwagnerdf@howstuffworks.com,Male,234.122.153.129
485,Helen,Alexander,halexanderdg@ameblo.jp,Female,32.174.244.185
486,Christine,Johnston,cjohnstondh@google.ru,Female,246.222.211.223
487,Daniel,Brown,dbrowndi@utexas.edu,Male,183.208.184.222
488,Frank,Peterson,fpetersondj@arizona.edu,Male,34.186.14.198
489,John,Frazier,jfrazierdk@gmpg.org,Male,130.150.100.202
490,Martha,Miller,mmillerdl@4shared.com,Female,194.245.192.235
491,Martha,Pierce,mpiercedm@creativecommons.org,Female,176.67.72.160
492,Lois,West,lwestdn@icq.com,Female,21.175.158.78
493,Clarence,Rice,cricedo@nature.com,Male,157.249.93.149
494,Carol,Johnson,cjohnsondp@mapquest.com,Female,58.68.222.121
495,Angela,Parker,aparkerdq@alibaba.com,Female,19.72.75.7
496,Lillian,Riley,lrileydr@blogspot.com,Female,207.248.23.72
497,Ruth,Brooks,rbrooksds@purevolume.com,Female,193.180.100.237
498,Margaret,Nelson,mnelsondt@answers.com,Female,250.112.100.134
499,Kathryn,Chavez,kchavezdu@dmoz.org,Female,79.51.161.33
500,Bobby,Hudson,bhudsondv@freewebs.com,Male,101.173.55.23
501,Henry,Crawford,hcrawforddw@sfgate.com,Male,40.141.58.50
502,Sharon,Foster,sfosterdx@barnesandnoble.com,Female,112.33.121.186
503,Shirley,Carpenter,scarpenterdy@auda.org.au,Female,76.92.157.104
504,Sandra,Olson,solsondz@topsy.com,Female,36.45.31.132
505,Doris,Ward,dwarde0@mashable.com,Female,111.137.215.20
506,Joe,Smith,jsmithe1@answers.com,Male,10.94.88.60
507,Irene,Diaz,idiaze2@multiply.com,Female,111.137.107.162
508,Linda,Bailey,lbaileye3@nyu.edu,Female,48.60.31.151
509,Donna,Garrett,dgarrette4@digg.com,Female,73.42.207.21
510,Justin,Baker,jbakere5@accuweather.com,Male,6.8.218.105
511,Elizabeth,Phillips,ephillipse6@miibeian.gov.cn,Female,162.21.255.86
512,Elizabeth,Dean,edeane7@admin.ch,Female,208.25.94.119
513,Diana,Reid,dreide8@foxnews.com,Female,121.75.93.69
514,Evelyn,Ferguson,efergusone9@hatena.ne.jp,Female,154.29.18.163
515,Adam,Wood,awoodea@barnesandnoble.com,Male,193.43.117.25
516,Earl,Ross,erosseb@psu.edu,Male,54.235.146.135
517,Gregory,Evans,gevansec@bloglines.com,Male,132.121.133.70
518,Lisa,Richards,lrichardsed@mayoclinic.com,Female,180.30.237.26
519,Donald,Nichols,dnicholsee@tiny.cc,Male,49.25.186.3
520,Richard,Clark,rclarkef@smugmug.com,Male,72.142.105.59
521,Jessica,Ford,jfordeg@biglobe.ne.jp,Female,169.167.131.74
522,Martha,Harper,mharpereh@sogou.com,Female,164.99.43.228
523,Philip,Mendoza,pmendozaei@arizona.edu,Male,39.6.220.147
524,Judy,Turner,jturnerej@yahoo.co.jp,Female,111.17.172.223
525,Sharon,Day,sdayek@techcrunch.com,Female,127.242.79.20
526,Susan,Spencer,sspencerel@dmoz.org,Female,128.249.234.72
527,Kathleen,Lopez,klopezem@ustream.tv,Female,31.190.41.17
528,Frank,Perez,fperezen@digg.com,Male,20.68.17.85
529,Gloria,Parker,gparkereo@slashdot.org,Female,214.68.230.159
530,Martin,Cox,mcoxep@so-net.ne.jp,Male,13.96.238.129
531,Theresa,Hernandez,thernandezeq@businesswire.com,Female,97.236.113.162
532,Julie,Gordon,jgordoner@gov.uk,Female,71.120.216.109
533,Edward,Mills,emillses@ycombinator.com,Male,212.191.207.127
534,Gregory,Jordan,gjordanet@sciencedirect.com,Male,47.13.204.227
535,Betty,Chapman,bchapmaneu@digg.com,Female,229.86.110.22
536,Wanda,Harris,wharrisev@jugem.jp,Female,90.150.234.67
537,Joshua,Cruz,jcruzew@aboutads.info,Male,30.49.136.219
538,Billy,Oliver,boliverex@livejournal.com,Male,165.44.100.88
539,Judith,Powell,jpowelley@japanpost.jp,Female,194.114.136.89
540,Andrew,Ferguson,afergusonez@1688.com,Male,126.23.11.155
541,Jean,Watson,jwatsonf0@multiply.com,Female,190.44.181.137
542,Kelly,Hamilton,khamiltonf1@patch.com,Female,23.182.66.163
543,Sarah,Coleman,scolemanf2@behance.net,Female,6.80.199.29
544,Howard,Arnold,harnoldf3@tamu.edu,Male,163.205.239.179
545,Adam,Thomas,athomasf4@soup.io,Male,39.131.190.176
546,Diana,Flores,dfloresf5@arstechnica.com,Female,181.66.188.138
547,Raymond,Alvarez,ralvarezf6@cbslocal.com,Male,46.77.252.122
548,Kelly,Ward,kwardf7@timesonline.co.uk,Female,158.163.60.180
549,Fred,Wilson,fwilsonf8@pbs.org,Male,2.28.93.138
550,Ralph,Ferguson,rfergusonf9@liveinternet.ru,Male,26.243.92.75
551,Marie,Franklin,mfranklinfa@nifty.com,Female,122.246.238.216
552,Keith,Franklin,kfranklinfb@delicious.com,Male,30.129.71.53
553,Tammy,Coleman,tcolemanfc@unicef.org,Female,222.224.43.31
554,Joseph,Montgomery,jmontgomeryfd@zdnet.com,Male,14.38.47.180
555,Louis,Jordan,ljordanfe@google.ca,Male,95.87.10.35
556,Phillip,Ray,prayff@sina.com.cn,Male,155.65.186.181
557,Margaret,Romero,mromerofg@cmu.edu,Female,35.61.48.16
558,Willie,Gonzales,wgonzalesfh@youtu.be,Male,139.241.124.140
559,Jason,Henderson,jhendersonfi@gnu.org,Male,158.162.115.210
560,Jesse,Lawrence,jlawrencefj@devhub.com,Male,65.172.253.248
561,Jerry,Bishop,jbishopfk@deviantart.com,Male,131.116.129.28
562,Lois,Watkins,lwatkinsfl@imgur.com,Female,243.173.211.161
563,Brandon,Morales,bmoralesfm@odnoklassniki.ru,Male,252.234.88.192
564,Jimmy,Jenkins,jjenkinsfn@slate.com,Male,196.86.71.193
565,Tina,Anderson,tandersonfo@eepurl.com,Female,107.33.145.242
566,Fred,Sullivan,fsullivanfp@loc.gov,Male,175.11.28.34
567,Michael,Taylor,mtaylorfq@ted.com,Male,160.232.220.18
568,Donald,Fields,dfieldsfr@chron.com,Male,95.61.143.237
569,Russell,Taylor,rtaylorfs@nasa.gov,Male,144.248.225.66
570,Angela,Martinez,amartinezft@domainmarket.com,Female,81.166.139.247
571,Paul,Williams,pwilliamsfu@cbslocal.com,Male,34.48.219.182
572,Douglas,Martin,dmartinfv@1688.com,Male,214.164.34.217
573,Barbara,Hughes,bhughesfw@mapquest.com,Female,216.207.12.90
574,Amy,Hughes,ahughesfx@a8.net,Female,101.137.105.42
575,Kimberly,Hayes,khayesfy@bloglovin.com,Female,74.67.109.254
576,Diane,Alexander,dalexanderfz@alibaba.com,Female,149.174.61.0
577,Samuel,Burke,sburkeg0@sourceforge.net,Male,242.115.220.126
578,Sarah,Clark,sclarkg1@ezinearticles.com,Female,125.176.11.15
579,Nancy,Burns,nburnsg2@altervista.org,Female,248.3.168.252
580,Henry,Cook,hcookg3@t-online.de,Male,204.223.94.87
581,Doris,Bell,dbellg4@ed.gov,Female,178.84.248.151
582,Gloria,Carroll,gcarrollg5@sbwire.com,Female,214.147.38.214
583,Craig,Murphy,cmurphyg6@hud.gov,Male,0.239.146.111
584,George,Marshall,gmarshallg7@princeton.edu,Male,155.205.139.166
585,Rose,Carpenter,rcarpenterg8@cnn.com,Female,210.58.209.17
586,Kenneth,Andrews,kandrewsg9@princeton.edu,Male,175.32.202.96
587,Janice,Lewis,jlewisga@hatena.ne.jp,Female,29.184.135.127
588,Terry,Larson,tlarsongb@barnesandnoble.com,Male,213.42.77.115
589,Julia,Diaz,jdiazgc@nsw.gov.au,Female,35.50.234.89
590,Harry,Banks,hbanksgd@usa.gov,Male,10.28.196.67
591,Norma,Harvey,nharveyge@networkadvertising.org,Female,64.224.5.25
592,Walter,Kim,wkimgf@nationalgeographic.com,Male,11.36.149.45
593,Joshua,George,jgeorgegg@over-blog.com,Male,129.163.207.10
594,Clarence,James,cjamesgh@icio.us,Male,75.57.171.68
595,Keith,Armstrong,karmstronggi@aol.com,Male,66.34.191.213
596,Kimberly,Watson,kwatsongj@gizmodo.com,Female,53.73.78.223
597,Steve,Perez,sperezgk@ehow.com,Male,201.242.241.175
598,Lawrence,Bennett,lbennettgl@amazon.com,Male,180.236.197.195
599,Antonio,Peterson,apetersongm@addtoany.com,Male,13.233.137.154
600,Karen,Jacobs,kjacobsgn@networkadvertising.org,Female,73.85.140.102
601,Kenneth,Armstrong,karmstronggo@techcrunch.com,Male,4.111.188.37
602,Louis,Willis,lwillisgp@ibm.com,Male,88.26.16.150
603,Sharon,Diaz,sdiazgq@zdnet.com,Female,17.140.196.1
604,Theresa,Gutierrez,tgutierrezgr@t.co,Female,133.190.53.123
605,Ernest,Fisher,efishergs@360.cn,Male,138.80.154.193
606,Donna,Walker,dwalkergt@github.com,Female,54.71.110.211
607,Donna,Garrett,dgarrettgu@blinklist.com,Female,19.130.116.142
608,Carl,Armstrong,carmstronggv@msu.edu,Male,231.42.200.250
609,Gloria,Simmons,gsimmonsgw@springer.com,Female,32.142.155.68
610,Pamela,Franklin,pfranklingx@instagram.com,Female,3.72.58.127
611,Margaret,Ortiz,mortizgy@berkeley.edu,Female,201.57.165.192
612,Andrew,Warren,awarrengz@ovh.net,Male,100.122.72.22
613,Ruby,West,rwesth0@sciencedaily.com,Female,236.97.33.1
614,Jose,Day,jdayh1@dion.ne.jp,Male,208.201.101.227
615,Benjamin,Rivera,briverah2@si.edu,Male,53.38.53.27
616,Patricia,Lewis,plewish3@hibu.com,Female,147.145.148.154
617,Carolyn,Williamson,cwilliamsonh4@quantcast.com,Female,133.5.1.88
618,Sarah,Perez,sperezh5@wikia.com,Female,48.107.125.112
619,Jane,Rodriguez,jrodriguezh6@china.com.cn,Female,195.80.18.41
620,Stephen,Crawford,scrawfordh7@infoseek.co.jp,Male,80.78.190.163
621,Matthew,Mills,mmillsh8@google.com.hk,Male,238.22.243.125
622,Frances,Hicks,fhicksh9@altervista.org,Female,87.220.217.173
623,Katherine,Ramos,kramosha@google.ru,Female,138.117.237.52
624,Sharon,Cox,scoxhb@fema.gov,Female,197.108.36.120
625,Martha,Welch,mwelchhc@seattletimes.com,Female,162.126.123.146
626,Kimberly,Cook,kcookhd@e-recht24.de,Female,36.40.10.133
627,Anne,Cooper,acooperhe@studiopress.com,Female,29.3.46.50
628,Jack,Dixon,jdixonhf@sfgate.com,Male,53.61.197.40
629,Jose,Armstrong,jarmstronghg@blogger.com,Male,215.167.237.86
630,Michelle,Hudson,mhudsonhh@usgs.gov,Female,249.4.143.61
631,Jack,Frazier,jfrazierhi@sogou.com,Male,250.215.54.200
632,Beverly,Ryan,bryanhj@biglobe.ne.jp,Female,141.141.239.255
633,Johnny,Ray,jrayhk@umich.edu,Male,83.204.64.132
634,Phillip,Hawkins,phawkinshl@yolasite.com,Male,188.177.131.38
635,Rose,Hunt,rhunthm@bloomberg.com,Female,105.87.166.234
636,Gary,Watkins,gwatkinshn@foxnews.com,Male,170.233.180.139
637,Carolyn,Edwards,cedwardsho@imdb.com,Female,130.47.121.2
638,Laura,Jones,ljoneshp@angelfire.com,Female,233.90.250.100
639,Clarence,Brown,cbrownhq@nyu.edu,Male,244.54.121.2
640,Julie,Ford,jfordhr@studiopress.com,Female,201.149.69.250
641,Virginia,Thomas,vthomashs@zimbio.com,Female,63.70.107.95
642,Timothy,Flores,tfloresht@microsoft.com,Male,53.119.252.6
643,Amy,Perez,aperezhu@flickr.com,Female,98.63.250.105
644,Joe,Rodriguez,jrodriguezhv@umn.edu,Male,81.23.233.57
645,Michael,Hayes,mhayeshw@shop-pro.jp,Male,182.133.90.158
646,Timothy,Burke,tburkehx@fc2.com,Male,39.68.4.99
647,Ruth,Lawrence,rlawrencehy@typepad.com,Female,72.234.148.19
648,Andrea,Fox,afoxhz@cnbc.com,Female,211.136.116.164
649,Rachel,Nichols,rnicholsi0@admin.ch,Female,49.25.117.98
650,Steven,Castillo,scastilloi1@domainmarket.com,Male,55.90.93.190
651,Nancy,Watson,nwatsoni2@tuttocitta.it,Female,21.221.61.82
652,Christopher,Long,clongi3@geocities.com,Male,10.200.93.152
653,David,Wagner,dwagneri4@reddit.com,Male,212.140.53.25
654,Kathryn,Harper,kharperi5@digg.com,Female,197.62.101.25
655,Teresa,Robinson,trobinsoni6@so-net.ne.jp,Female,189.221.247.208
656,Jonathan,Greene,jgreenei7@tripod.com,Male,92.186.173.141
657,Linda,Welch,lwelchi8@opera.com,Female,80.149.191.108
658,Nicole,Simmons,nsimmonsi9@shinystat.com,Female,4.151.198.88
659,Alice,Wagner,awagneria@virginia.edu,Female,68.162.40.60
660,Pamela,Hanson,phansonib@delicious.com,Female,228.147.251.125
661,Nicole,Stevens,nstevensic@twitpic.com,Female,109.162.141.60
662,Frank,Reyes,freyesid@ucoz.ru,Male,240.34.43.139
663,James,Rice,jriceie@cisco.com,Male,47.253.111.165
664,Wanda,Carroll,wcarrollif@fda.gov,Female,221.41.75.129
665,Tammy,Porter,tporterig@posterous.com,Female,135.69.235.79
666,Kevin,Hall,khallih@fema.gov,Male,97.139.79.205
667,Marilyn,Graham,mgrahamii@quantcast.com,Female,134.242.123.129
668,Bruce,Diaz,bdiazij@alibaba.com,Male,37.23.182.209
669,Gary,Williams,gwilliamsik@indiatimes.com,Male,45.202.32.113
670,Kathleen,Watson,kwatsonil@archive.org,Female,5.75.148.76
671,Debra,Mendoza,dmendozaim@yelp.com,Female,112.104.90.124
672,Joyce,Webb,jwebbin@woothemes.com,Female,71.84.122.100
673,Brandon,Hamilton,bhamiltonio@sourceforge.net,Male,74.137.228.0
674,Julie,Hudson,jhudsonip@aol.com,Female,239.79.226.101
675,Chris,Wells,cwellsiq@ca.gov,Male,59.45.211.214
676,Robin,Alexander,ralexanderir@geocities.com,Female,241.172.254.227
677,Larry,Williams,lwilliamsis@hostgator.com,Male,184.214.127.122
678,Martin,Peters,mpetersit@a8.net,Male,142.72.251.182
679,Randy,Brooks,rbrooksiu@spotify.com,Male,44.95.29.250
680,Steve,Duncan,sduncaniv@cnet.com,Male,187.34.174.248
681,Helen,Ellis,hellisiw@shareasale.com,Female,237.217.158.9
682,Deborah,Jordan,djordanix@addthis.com,Female,242.112.235.188
683,Denise,Kim,dkimiy@columbia.edu,Female,5.110.119.136
684,Julie,Perkins,jperkinsiz@pcworld.com,Female,8.194.156.90
685,Jennifer,Dunn,jdunnj0@devhub.com,Female,105.147.133.43
686,Catherine,Foster,cfosterj1@hc360.com,Female,91.176.83.42
687,Kimberly,Morgan,kmorganj2@eventbrite.com,Female,118.118.210.95
688,Lawrence,Woods,lwoodsj3@auda.org.au,Male,74.248.107.124
689,Roger,Alexander,ralexanderj4@amazon.com,Male,10.64.84.50
690,Anna,Sullivan,asullivanj5@prlog.org,Female,212.17.119.239
691,Christine,Jones,cjonesj6@newsvine.com,Female,203.141.36.139
692,Steve,Morrison,smorrisonj7@bandcamp.com,Male,166.12.128.158
693,Jennifer,Jenkins,jjenkinsj8@quantcast.com,Female,252.183.231.43
694,Dennis,Austin,daustinj9@paypal.com,Male,104.240.7.88
695,Anna,Gardner,agardnerja@addthis.com,Female,146.159.251.21
696,George,Wagner,gwagnerjb@angelfire.com,Male,70.95.122.90
697,Benjamin,Murray,bmurrayjc@nih.gov,Male,137.233.193.57
698,Gloria,King,gkingjd@marriott.com,Female,248.119.59.118
699,Gary,Roberts,grobertsje@apache.org,Male,119.127.141.117
700,Shirley,Ford,sfordjf@patch.com,Female,109.182.204.75
701,Cynthia,Cook,ccookjg@hud.gov,Female,30.102.213.142
702,Denise,Gilbert,dgilbertjh@microsoft.com,Female,238.159.97.149
703,David,Lee,dleeji@cmu.edu,Male,99.159.133.201
704,Roy,Montgomery,rmontgomeryjj@amazon.co.uk,Male,4.85.167.151
705,Margaret,Hart,mhartjk@sciencedaily.com,Female,42.137.128.7
706,Matthew,Lawson,mlawsonjl@etsy.com,Male,2.37.8.72
707,Debra,Banks,dbanksjm@senate.gov,Female,80.112.203.101
708,Gerald,Jacobs,gjacobsjn@sohu.com,Male,247.174.168.211
709,Joe,Carpenter,jcarpenterjo@meetup.com,Male,215.129.65.89
710,Joe,Lewis,jlewisjp@nhs.uk,Male,154.86.249.117
711,Earl,Harris,eharrisjq@nih.gov,Male,9.35.165.24
712,Willie,Ray,wrayjr@admin.ch,Male,201.233.22.116
713,Russell,Taylor,rtaylorjs@altervista.org,Male,167.221.141.41
714,Jesse,Fox,jfoxjt@mysql.com,Male,203.209.67.221
715,Shawn,Hamilton,shamiltonju@cdbaby.com,Male,46.22.229.66
716,Betty,Myers,bmyersjv@seattletimes.com,Female,51.68.181.77
717,Paula,Perez,pperezjw@seesaa.net,Female,195.184.143.123
718,Alice,Lynch,alynchjx@merriam-webster.com,Female,192.253.126.61
719,Joyce,Murphy,jmurphyjy@infoseek.co.jp,Female,247.217.156.49
720,Johnny,Cooper,jcooperjz@networkadvertising.org,Male,46.239.190.86
721,Sharon,Stewart,sstewartk0@theguardian.com,Female,17.104.129.136
722,Margaret,Edwards,medwardsk1@mozilla.com,Female,39.232.25.69
723,Lillian,Butler,lbutlerk2@discuz.net,Female,195.145.65.175
724,Douglas,Hughes,dhughesk3@columbia.edu,Male,45.70.211.10
725,Heather,Patterson,hpattersonk4@goo.ne.jp,Female,19.105.118.25
726,George,Garza,ggarzak5@soup.io,Male,220.228.202.146
727,Patricia,Peters,ppetersk6@infoseek.co.jp,Female,64.125.10.235
728,Paul,Fernandez,pfernandezk7@deliciousdays.com,Male,21.136.6.193
729,Jessica,Larson,jlarsonk8@devhub.com,Female,214.97.27.236
730,Theresa,Morrison,tmorrisonk9@google.cn,Female,106.90.141.10
731,Diana,Hill,dhillka@surveymonkey.com,Female,82.75.26.68
732,Shawn,Robinson,srobinsonkb@sitemeter.com,Male,24.169.181.97
733,Harold,Cox,hcoxkc@domainmarket.com,Male,196.130.246.96
734,Eugene,Hill,ehillkd@noaa.gov,Male,25.123.66.63
735,Kelly,Crawford,kcrawfordke@rakuten.co.jp,Female,19.57.106.152
736,Phillip,Schmidt,pschmidtkf@histats.com,Male,41.231.67.37
737,Laura,Edwards,ledwardskg@sbwire.com,Female,28.195.235.191
738,Frances,Richardson,frichardsonkh@example.com,Female,45.47.220.83
739,Willie,Harrison,wharrisonki@engadget.com,Male,227.108.9.70
740,Jacqueline,Hansen,jhansenkj@webs.com,Female,152.18.122.222
741,Samuel,Ortiz,sortizkk@reddit.com,Male,183.9.162.195
742,Timothy,Morris,tmorriskl@soundcloud.com,Male,7.34.200.217
743,Phillip,Stanley,pstanleykm@engadget.com,Male,140.208.220.247
744,Willie,Allen,wallenkn@mac.com,Male,84.105.55.74
745,Kenneth,Spencer,kspencerko@etsy.com,Male,173.234.88.97
746,Kathryn,Owens,kowenskp@amazon.co.jp,Female,240.90.34.255
747,James,Shaw,jshawkq@feedburner.com,Male,172.57.239.76
748,Lillian,Hamilton,lhamiltonkr@flickr.com,Female,2.127.45.150
749,Ruth,Clark,rclarkks@livejournal.com,Female,195.38.24.157
750,Scott,Kennedy,skennedykt@paginegialle.it,Male,72.164.56.199
751,Judith,Stewart,jstewartku@privacy.gov.au,Female,163.65.62.135
752,Phillip,Lee,pleekv@google.com.au,Male,226.145.253.135
753,Victor,Duncan,vduncankw@bing.com,Male,154.94.75.55
754,Sandra,Perez,sperezkx@hugedomains.com,Female,247.246.172.188
755,Clarence,Cook,ccookky@vkontakte.ru,Male,83.211.9.55
756,Thomas,Sanders,tsanderskz@ucoz.ru,Male,239.27.38.200
757,Beverly,Porter,bporterl0@usatoday.com,Female,155.148.129.66
758,Cynthia,Ross,crossl1@bizjournals.com,Female,34.161.24.96
759,Ernest,Cox,ecoxl2@foxnews.com,Male,116.14.183.88
760,Kathryn,Jacobs,kjacobsl3@sina.com.cn,Female,68.231.3.138
761,Lillian,Burns,lburnsl4@ted.com,Female,2.39.217.42
762,Julie,Hill,jhilll5@github.io,Female,104.52.77.201
763,Nancy,Porter,nporterl6@apple.com,Female,94.42.253.64
764,Anna,Ramos,aramosl7@icio.us,Female,135.224.102.83
765,Gloria,Gonzales,ggonzalesl8@tripod.com,Female,142.123.52.208
766,James,Meyer,jmeyerl9@bbb.org,Male,88.155.238.179
767,Irene,Grant,igrantla@creativecommons.org,Female,141.42.138.59
768,Donna,Anderson,dandersonlb@umich.edu,Female,159.78.3.202
769,Matthew,Diaz,mdiazlc@phoca.cz,Male,74.167.85.178
770,Beverly,Williamson,bwilliamsonld@dailymotion.com,Female,211.226.97.239
771,Henry,Austin,haustinle@webnode.com,Male,119.156.180.70
772,Thomas,Perkins,tperkinslf@sbwire.com,Male,19.83.8.223
773,Mark,Owens,mowenslg@github.io,Male,242.151.215.162
774,Nicholas,Alvarez,nalvarezlh@mac.com,Male,95.51.188.254
775,Judy,Hunt,jhuntli@hp.com,Female,24.208.254.200
776,Debra,Peterson,dpetersonlj@mit.edu,Female,117.195.86.243
777,Rachel,Brown,rbrownlk@google.co.uk,Female,187.205.238.221
778,Bruce,Henry,bhenryll@instagram.com,Male,44.140.230.74
779,Ashley,Ruiz,aruizlm@sciencedirect.com,Female,112.215.73.59
780,Christopher,Garcia,cgarcialn@toplist.cz,Male,140.241.9.69
781,Howard,Ellis,hellislo@bloomberg.com,Male,110.237.164.15
782,Craig,Gonzales,cgonzaleslp@pbs.org,Male,37.127.78.25
783,Randy,Ruiz,rruizlq@twitpic.com,Male,246.11.154.146
784,Henry,Fox,hfoxlr@senate.gov,Male,160.47.120.205
785,Christina,Barnes,cbarnesls@bloglines.com,Female,202.240.240.131
786,Phillip,Mcdonald,pmcdonaldlt@examiner.com,Male,249.239.81.70
787,Lillian,Castillo,lcastillolu@is.gd,Female,68.246.192.233
788,Michelle,Chapman,mchapmanlv@rediff.com,Female,244.148.150.75
789,Mildred,Harris,mharrislw@canalblog.com,Female,225.87.53.118
790,Daniel,Bishop,dbishoplx@tripadvisor.com,Male,179.229.146.167
791,Michael,Moore,mmoorely@ezinearticles.com,Male,35.47.133.86
792,Jesse,Kennedy,jkennedylz@cocolog-nifty.com,Male,21.62.158.20
793,Anthony,Armstrong,aarmstrongm0@europa.eu,Male,154.219.70.63
794,Jeffrey,Little,jlittlem1@narod.ru,Male,19.174.88.59
795,Jason,Hernandez,jhernandezm2@parallels.com,Male,131.107.113.155
796,Joseph,Nguyen,jnguyenm3@purevolume.com,Male,188.77.65.120
797,Ann,Dunn,adunnm4@sciencedirect.com,Female,116.212.162.232
798,William,Diaz,wdiazm5@google.pl,Male,105.0.83.29
799,Brenda,Matthews,bmatthewsm6@about.me,Female,22.109.83.129
800,Brenda,Fernandez,bfernandezm7@qq.com,Female,152.126.82.88
801,Daniel,Rodriguez,drodriguezm8@histats.com,Male,181.75.72.14
802,Stephen,Evans,sevansm9@statcounter.com,Male,130.236.216.81
803,Angela,Mills,amillsma@theglobeandmail.com,Female,199.13.34.9
804,Mark,Duncan,mduncanmb@netlog.com,Male,134.252.245.230
805,Linda,Harper,lharpermc@pen.io,Female,24.132.246.92
806,Rebecca,Ferguson,rfergusonmd@webnode.com,Female,243.78.1.56
807,Laura,Patterson,lpattersonme@furl.net,Female,69.0.33.109
808,Raymond,Ross,rrossmf@a8.net,Male,181.180.242.155
809,Gerald,Oliver,golivermg@abc.net.au,Male,164.182.198.173
810,Shawn,Woods,swoodsmh@ucoz.ru,Male,191.198.157.253
811,Susan,Brown,sbrownmi@prnewswire.com,Female,131.178.170.9
812,Stephanie,Foster,sfostermj@google.com.br,Female,225.173.134.159
813,Anne,Rogers,arogersmk@google.com,Female,109.196.179.200
814,Theresa,Harvey,tharveyml@shop-pro.jp,Female,182.215.245.47
815,Gary,Wilson,gwilsonmm@google.ru,Male,27.224.65.174
816,Rose,Hansen,rhansenmn@redcross.org,Female,36.73.60.124
817,Theresa,Fisher,tfishermo@hhs.gov,Female,77.119.241.83
818,Frank,Robinson,frobinsonmp@fema.gov,Male,206.190.10.109
819,Sandra,Holmes,sholmesmq@imageshack.us,Female,109.23.30.5
820,Jane,Meyer,jmeyermr@liveinternet.ru,Female,228.141.122.49
821,Cheryl,Peters,cpetersms@unesco.org,Female,179.142.80.121
822,Janice,Ellis,jellismt@imageshack.us,Female,50.241.75.198
823,Julie,Scott,jscottmu@jiathis.com,Female,40.169.138.90
824,Victor,West,vwestmv@wix.com,Male,25.228.30.119
825,Martin,Gibson,mgibsonmw@multiply.com,Male,127.70.49.130
826,Judith,Foster,jfostermx@bigcartel.com,Female,253.106.123.253
827,Nicole,Romero,nromeromy@adobe.com,Female,27.255.78.152
828,Todd,Edwards,tedwardsmz@shutterfly.com,Male,249.140.187.144
829,Jason,Harvey,jharveyn0@instagram.com,Male,114.114.192.190
830,Alice,Perez,aperezn1@istockphoto.com,Female,213.59.192.242
831,Phillip,Rice,pricen2@ameblo.jp,Male,253.231.115.81
832,Robert,Robertson,rrobertsonn3@yelp.com,Male,97.36.68.109
833,Steven,Griffin,sgriffinn4@homestead.com,Male,151.238.178.133
834,Henry,Wilson,hwilsonn5@ca.gov,Male,8.19.224.10
835,Michael,Ellis,mellisn6@home.pl,Male,116.223.198.137
836,Michelle,Bennett,mbennettn7@nydailynews.com,Female,27.44.54.179
837,Jean,George,jgeorgen8@nba.com,Female,151.26.21.84
838,Sandra,Henry,shenryn9@sciencedaily.com,Female,194.10.29.44
839,Brenda,Mcdonald,bmcdonaldna@nsw.gov.au,Female,223.135.118.175
840,Bonnie,Bishop,bbishopnb@sun.com,Female,84.193.141.184
841,Judith,Kim,jkimnc@businesswire.com,Female,112.89.238.169
842,Jack,Dunn,jdunnnd@sfgate.com,Male,225.139.218.187
843,Kathryn,Hicks,khicksne@flavors.me,Female,107.79.65.236
844,Andrea,Peters,apetersnf@e-recht24.de,Female,250.239.211.72
845,Phyllis,Rogers,progersng@xing.com,Female,201.226.38.62
846,Karen,Crawford,kcrawfordnh@imageshack.us,Female,125.150.94.39
847,Frances,Little,flittleni@europa.eu,Female,127.85.184.113
848,Edward,Stanley,estanleynj@delicious.com,Male,52.189.128.4
849,Willie,Ford,wfordnk@yolasite.com,Male,174.176.31.195
850,Thomas,Wright,twrightnl@comcast.net,Male,201.6.232.49
851,Diana,Crawford,dcrawfordnm@icq.com,Female,80.194.198.188
852,Jonathan,Lawson,jlawsonnn@ibm.com,Male,85.148.198.196
853,Rose,Ramos,rramosno@livejournal.com,Female,126.59.91.127
854,Mildred,Ross,mrossnp@bloglovin.com,Female,148.233.147.212
855,Albert,Peterson,apetersonnq@altervista.org,Male,23.188.58.8
856,Elizabeth,Reid,ereidnr@wikia.com,Female,30.64.126.82
857,John,Parker,jparkerns@parallels.com,Male,201.90.255.128
858,Gerald,Carpenter,gcarpenternt@opensource.org,Male,45.38.55.84
859,Eugene,Howard,ehowardnu@comcast.net,Male,82.156.205.106
860,Patricia,Kim,pkimnv@bandcamp.com,Female,46.93.206.55
861,Fred,Burton,fburtonnw@csmonitor.com,Male,44.148.164.167
862,Shawn,Myers,smyersnx@unicef.org,Male,129.178.88.192
863,Diana,Phillips,dphillipsny@blogspot.com,Female,212.89.140.5
864,Michael,Stephens,mstephensnz@nationalgeographic.com,Male,247.83.12.134
865,Janet,Willis,jwilliso0@narod.ru,Female,207.120.94.123
866,Mary,Gomez,mgomezo1@hhs.gov,Female,136.111.153.222
867,Kimberly,Weaver,kweavero2@columbia.edu,Female,225.220.106.177
868,Sandra,Burton,sburtono3@cam.ac.uk,Female,183.250.67.136
869,Bruce,Palmer,bpalmero4@webs.com,Male,97.175.93.76
870,Wanda,Weaver,wweavero5@abc.net.au,Female,242.219.73.223
871,Anne,Collins,acollinso6@home.pl,Female,97.78.38.222
872,Robert,Carpenter,rcarpentero7@mozilla.com,Male,62.49.217.16
873,Susan,Williams,swilliamso8@elpais.com,Female,121.114.116.109
874,Chris,Gibson,cgibsono9@answers.com,Male,220.53.238.49
875,Frances,Price,fpriceoa@bbc.co.uk,Female,174.232.79.50
876,Arthur,Reed,areedob@rakuten.co.jp,Male,243.221.3.33
877,Jeremy,Garza,jgarzaoc@ed.gov,Male,162.35.102.18
878,Martha,Harvey,mharveyod@examiner.com,Female,79.54.107.152
879,Jose,Frazier,jfrazieroe@sciencedaily.com,Male,249.71.202.144
880,Christina,Peters,cpetersof@chronoengine.com,Female,164.34.36.37
881,Samuel,Walker,swalkerog@guardian.co.uk,Male,202.105.221.20
882,Arthur,Larson,alarsonoh@patch.com,Male,116.43.234.173
883,Janet,Powell,jpowelloi@altervista.org,Female,2.33.220.172
884,Teresa,Fox,tfoxoj@bizjournals.com,Female,102.20.124.62
885,Rachel,Berry,rberryok@feedburner.com,Female,124.58.45.160
886,Jean,Hayes,jhayesol@gnu.org,Female,14.49.79.18
887,Jessica,Hunter,jhunterom@harvard.edu,Female,219.101.228.196
888,Richard,Sanders,rsanderson@facebook.com,Male,241.150.28.134
889,Christina,Morrison,cmorrisonoo@artisteer.com,Female,110.65.184.217
890,Sharon,Bell,sbellop@constantcontact.com,Female,95.37.104.191
891,Jane,Nichols,jnicholsoq@gizmodo.com,Female,58.66.66.225
892,Samuel,Henderson,shendersonor@go.com,Male,151.14.108.76
893,Kathy,Young,kyoungos@last.fm,Female,175.158.155.233
894,Andrea,Black,ablackot@123-reg.co.uk,Female,155.209.17.121
895,Cheryl,Dunn,cdunnou@aboutads.info,Female,65.95.123.72
896,George,Johnson,gjohnsonov@ucoz.com,Male,147.127.159.218
897,Teresa,Ruiz,truizow@columbia.edu,Female,232.151.20.77
898,Jacqueline,Dixon,jdixonox@google.de,Female,99.215.7.130
899,Ryan,King,rkingoy@illinois.edu,Male,220.148.254.171
900,John,Holmes,jholmesoz@hao123.com,Male,44.168.135.112
901,Patrick,Evans,pevansp0@gravatar.com,Male,136.203.83.162
902,Edward,George,egeorgep1@cbsnews.com,Male,245.253.168.24
903,Fred,Patterson,fpattersonp2@wordpress.com,Male,137.154.212.227
904,Johnny,Lynch,jlynchp3@slideshare.net,Male,136.131.153.1
905,Jose,Meyer,jmeyerp4@barnesandnoble.com,Male,120.171.124.117
906,George,Carpenter,gcarpenterp5@themeforest.net,Male,219.102.6.117
907,Christine,Castillo,ccastillop6@bravesites.com,Female,88.59.249.189
908,Steve,Jackson,sjacksonp7@wsj.com,Male,0.2.193.145
909,Margaret,Little,mlittlep8@msn.com,Female,219.186.234.16
910,Ruby,Wallace,rwallacep9@usgs.gov,Female,58.208.47.51
911,Helen,Murphy,hmurphypa@google.com.br,Female,133.45.113.238
912,David,Stone,dstonepb@comsenz.com,Male,244.124.127.250
913,Gary,Thomas,gthomaspc@wisc.edu,Male,239.82.139.44
914,Larry,Arnold,larnoldpd@theglobeandmail.com,Male,252.160.3.31
915,Wayne,Parker,wparkerpe@github.io,Male,109.141.120.172
916,Timothy,Carr,tcarrpf@unesco.org,Male,165.48.119.121
917,Anne,Jordan,ajordanpg@nbcnews.com,Female,253.88.217.1
918,Jesse,Frazier,jfrazierph@nba.com,Male,190.238.46.157
919,Donald,Mason,dmasonpi@mysql.com,Male,167.217.76.189
920,Edward,Hanson,ehansonpj@a8.net,Male,243.126.216.168
921,Barbara,Ellis,bellispk@si.edu,Female,60.212.65.67
922,Johnny,Ruiz,jruizpl@baidu.com,Male,155.102.232.213
923,Tammy,Long,tlongpm@nyu.edu,Female,97.26.38.157
924,Alice,Carr,acarrpn@trellian.com,Female,102.147.127.172
925,Dorothy,Rogers,drogerspo@home.pl,Female,21.225.69.149
926,Clarence,Moore,cmoorepp@businesswire.com,Male,114.15.253.182
927,Margaret,Reid,mreidpq@webmd.com,Female,186.21.112.156
928,Janice,Brown,jbrownpr@aboutads.info,Female,134.242.18.109
929,Heather,Bryant,hbryantps@unc.edu,Female,167.207.193.147
930,Wayne,Robinson,wrobinsonpt@mapy.cz,Male,28.29.238.223
931,Earl,Williams,ewilliamspu@hhs.gov,Male,138.76.59.195
932,Anne,Watson,awatsonpv@squidoo.com,Female,132.115.200.152
933,Charles,Kennedy,ckennedypw@addtoany.com,Male,187.106.88.116
934,Steve,Myers,smyerspx@cnn.com,Male,46.201.144.180
935,Scott,Jones,sjonespy@boston.com,Male,20.26.66.4
936,Jennifer,Carter,jcarterpz@sbwire.com,Female,156.38.199.95
937,Joseph,Thompson,jthompsonq0@miibeian.gov.cn,Male,184.33.23.133
938,Katherine,Palmer,kpalmerq1@bluehost.com,Female,219.197.61.216
939,Daniel,Murphy,dmurphyq2@tumblr.com,Male,250.183.66.43
940,Earl,Ray,erayq3@tinyurl.com,Male,195.151.48.190
941,Diane,Coleman,dcolemanq4@wufoo.com,Female,222.174.127.173
942,Laura,Vasquez,lvasquezq5@fotki.com,Female,241.32.42.20
943,Lori,Carroll,lcarrollq6@smh.com.au,Female,52.182.168.31
944,Betty,Ellis,bellisq7@trellian.com,Female,141.200.125.24
945,Shirley,Bennett,sbennettq8@deviantart.com,Female,180.172.48.160
946,Larry,Hamilton,lhamiltonq9@youtu.be,Male,123.87.52.213
947,Billy,Bell,bbellqa@imdb.com,Male,87.153.19.243
948,Johnny,Morgan,jmorganqb@examiner.com,Male,2.158.249.32
949,Debra,Fowler,dfowlerqc@hc360.com,Female,223.196.226.63
950,Richard,Turner,rturnerqd@noaa.gov,Male,81.122.141.5
951,Dennis,Rodriguez,drodriguezqe@oracle.com,Male,128.42.7.224
952,Jacqueline,King,jkingqf@tinypic.com,Female,196.179.204.248
953,Emily,Shaw,eshawqg@merriam-webster.com,Female,8.157.169.73
954,Matthew,Butler,mbutlerqh@unicef.org,Male,140.254.87.95
955,Helen,Holmes,hholmesqi@umich.edu,Female,89.30.186.148
956,Steven,Phillips,sphillipsqj@hostgator.com,Male,179.57.241.168
957,Gloria,Rogers,grogersqk@amazon.co.uk,Female,244.58.134.213
958,Henry,Ellis,hellisql@typepad.com,Male,63.130.63.217
959,Stephanie,Johnston,sjohnstonqm@theguardian.com,Female,111.56.117.8
960,Carlos,Kim,ckimqn@ocn.ne.jp,Male,229.47.127.15
961,Kenneth,Ramirez,kramirezqo@google.co.jp,Male,88.135.130.118
962,Frank,Perry,fperryqp@gov.uk,Male,195.151.229.13
963,Earl,Stevens,estevensqq@jimdo.com,Male,23.48.189.43
964,Joseph,Jones,jjonesqr@ovh.net,Male,199.119.133.26
965,Patrick,Lynch,plynchqs@google.pl,Male,228.244.87.250
966,John,Ramos,jramosqt@bloomberg.com,Male,38.87.200.150
967,Gloria,Arnold,garnoldqu@drupal.org,Female,17.71.45.232
968,Howard,Payne,hpayneqv@live.com,Male,73.89.226.35
969,Sharon,Castillo,scastilloqw@columbia.edu,Female,3.146.77.254
970,Amy,Burke,aburkeqx@goo.gl,Female,235.133.105.61
971,Carolyn,Cunningham,ccunninghamqy@ycombinator.com,Female,81.11.14.230
972,Jane,Woods,jwoodsqz@paginegialle.it,Female,55.149.223.5
973,Helen,Hamilton,hhamiltonr0@lycos.com,Female,117.215.235.53
974,Denise,Elliott,delliottr1@list-manage.com,Female,222.76.156.235
975,Fred,Cole,fcoler2@nps.gov,Male,116.66.226.218
976,Jimmy,Green,jgreenr3@engadget.com,Male,135.44.251.198
977,Rachel,Alvarez,ralvarezr4@stumbleupon.com,Female,86.134.160.44
978,Nicole,Taylor,ntaylorr5@wired.com,Female,114.12.188.36
979,Jose,Banks,jbanksr6@etsy.com,Male,183.211.163.233
980,Todd,Clark,tclarkr7@mashable.com,Male,201.84.58.91
981,Alan,Fowler,afowlerr8@pcworld.com,Male,249.150.104.13
982,Lori,Price,lpricer9@deliciousdays.com,Female,219.199.158.237
983,Bobby,Smith,bsmithra@usda.gov,Male,194.68.167.162
984,Norma,Stanley,nstanleyrb@homestead.com,Female,30.56.248.31
985,Kelly,Taylor,ktaylorrc@goo.gl,Female,222.147.165.23
986,William,Greene,wgreenerd@reference.com,Male,232.196.133.11
987,Louise,Burton,lburtonre@springer.com,Female,207.97.164.153
988,Larry,Oliver,loliverrf@pen.io,Male,193.50.120.47
989,Carolyn,Campbell,ccampbellrg@businesswire.com,Female,251.86.160.150
990,Nancy,Wells,nwellsrh@nih.gov,Female,35.124.50.10
991,Eugene,Snyder,esnyderri@over-blog.com,Male,197.81.56.0
992,Margaret,Patterson,mpattersonrj@printfriendly.com,Female,165.52.106.16
993,Wayne,Hamilton,whamiltonrk@tripod.com,Male,227.10.200.118
994,Janet,Armstrong,jarmstrongrl@earthlink.net,Female,187.218.184.52
995,Joyce,Murray,jmurrayrm@hostgator.com,Female,224.224.75.243
996,Jean,Morrison,jmorrisonrn@walmart.com,Female,85.202.147.92
997,Melissa,Stanley,mstanleyro@slideshare.net,Female,16.247.156.138
998,Debra,Myers,dmyersrp@acquirethisname.com,Female,124.60.58.168
999,Henry,Morrison,hmorrisonrq@yellowpages.com,Male,166.54.44.252
1000,Karen,Torres,ktorresrr@prlog.org,Female,155.30.39.16
